layer_name,type_of_information,old_folder,folder,variable,institution,description,unit,type_of_spatial_data,original_raster_range_values,year_of_original_data,original_pixel_resolution,final_pixel_resolution,extent,primary_or_derived,derived_from,website,source,obtained_through,observations
Norway_PCA_klima_axis1,climate_phenology,g_BiogeographicalRegions_Norway_PCA_klima,p_sam_climate_phenology,Norway climatic PCA1,NA,"PCA axes from climatic variables for Norway, from Bakkestuen, V., Erikstad, L., and Halvorsen, R. (2008).
Step-less models for regional environmental variation in Norway. Journal of biogeography, 35(10):1906â€“1922.",NA,raster,"[-4.93, 4.38]",NA,1000,100,Norway,Derived,"Fifty-four climatic, topographical, hydrological and geological. See Bakkestuen et al. (2008) for
details",NA,NA,NINA,NA
Norway_PCA_klima_axis2,climate_phenology,g_BiogeographicalRegions_Norway_PCA_klima,p_sam_climate_phenology,Norway climatic PCA2,NA,"PCA axes from climatic variables for Norway, from Bakkestuen, V., Erikstad, L., and Halvorsen, R. (2008).
Step-less models for regional environmental variation in Norway. Journal of biogeography, 35(10):1906â€“1922.",NA,raster,"[-5.6, 4.77]",NA,1000,100,Norway,Derived,"Fifty-four climatic, topographical, hydrological and geological. See Bakkestuen et al. (2008) for
details",NA,NA,NINA,NA
Norway_PCA_klima_axis3,climate_phenology,u_bram.van.moorter,p_sam_climate_phenology,Norway climatic PCA3,NA,"PCA axes from climatic variables for Norway, from Bakkestuen, V., Erikstad, L., and Halvorsen, R. (2008).
Step-less models for regional environmental variation in Norway. Journal of biogeography, 35(10):1906â€“1922.",NA,raster,"[-0.009, 0.0085]",NA,1000,100,Norway,Derived,"Fifty-four climatic, topographical, hydrological and geological. See Bakkestuen et al. (2008) for
details",NA,NA,NINA,NA
Norway_PCA_klima_axis4,climate_phenology,u_bram.van.moorter,p_sam_climate_phenology,Norway climatic PCA4,NA,"PCA axes from climatic variables for Norway, from Bakkestuen, V., Erikstad, L., and Halvorsen, R. (2008).
Step-less models for regional environmental variation in Norway. Journal of biogeography, 35(10):1906â€“1922.",NA,raster,"[-0.0071, 0.006]",NA,1000,100,Norway,Derived,"Fifty-four climatic, topographical, hydrological and geological. See Bakkestuen et al. (2008) for
details",NA,NA,NINA,NA
dem_tpi_1000_50m,landscape,g_Elevation_Fenoscandia_TPI,p_sam_landscape,Terrain Position Index: 1000m,NA,NA,NA,raster,"[-721.45, 572.24]",NA,NA,50,Fenoscandia,Derived,???,NA,NA,NINA,NA
dem_tpi_10000_50m,landscape,g_Elevation_Fenoscandia_TPI,p_sam_landscape,Terrain Position Index: 10000m,NA,NA,NA,raster,"[-1153.85, 1263.42]",NA,NA,50,Fenoscandia,Derived,???,NA,NA,NINA,NA
dem_tpi_250_50m,landscape,g_Elevation_Fenoscandia_TPI,p_sam_landscape,Terrain Position Index: 250m,NA,NA,NA,raster,"[-442.64, 344.88]",NA,NA,50,Fenoscandia,Derived,???,NA,NA,NINA,NA
dem_tpi_2500_50m,landscape,g_Elevation_Fenoscandia_TPI,p_sam_landscape,Terrain Position Index: 2500m,NA,NA,NA,raster,"[-971.05, 914.1]",NA,NA,50,Fenoscandia,Derived,???,NA,NA,NINA,NA
dem_tpi_500_50m,landscape,g_Elevation_Fenoscandia_TPI,p_sam_landscape,Terrain Position Index: 500m,NA,NA,NA,raster,"[-590.79, 445.43]",NA,NA,50,Fenoscandia,Derived,???,NA,NA,NINA,NA
dem_tpi_5000_50m,landscape,g_Elevation_Fenoscandia_TPI,p_sam_landscape,Terrain Position Index: 5000m,NA,NA,NA,raster,"[-1091.39, 1118.77]",NA,NA,50,Fenoscandia,Derived,???,NA,NA,NINA,NA
digestible_biomass_summer,landscape,u_bram.van.moorter,p_sam_landscape,Digestible biomass in summer,NA,NA,NA,raster,"[-3012.1, 98187.3]",NA,NA,100,Norway,Derived,???,NA,NA,NINA,NA
digestible_biomass_winter,landscape,u_bram.van.moorter,p_sam_landscape,Digestible biomass in winter,NA,NA,NA,raster,"[-811.3, 78710.2]",NA,NA,100,Norway,Derived,???,NA,NA,NINA,NA
landcover_smd_25m_2004,landscape,SLU_spatial_db,p_sam_landscape,Land cover,Lantmäteriet,"This is a land cover map for Sweden (Svenska CORINE Marktäckedata - SMD), a map based on LANDSAT TM satellite images and several other products from Lantmæteriet and other Swedish institutions, with 57 land use classes and 25m resolution.",NA,raster,0-255,2004,25,25,Sweden,Primary,NA,CORINE Land Cover | Lantmäteriet (lantmateriet.se),CORINE Land Cover,SLU server,NA
landcover_ungeneralized_NMD_10m_2018,landscape,SLU_spatial_db,p_sam_landscape,Land cover,Naturvårdsverket,"This is a layer corresponding to land cover. It was based on Sentinel-2 sattelite images from 2015-2018, with support for laser/LiDAR data and several other datasets.",NA,raster,0-255,2018,10,10,Sweden,Primary,NA,https://www.naturvardsverket.se/Sa-mar-miljon/Kartor/Nationella-Marktackedata-NMD/,Nationella marktäckedata 2018,SLU server,NA
lichen_Sweden,landscape,SLU_spatial_db,p_sam_landscape,Lichen abundance,Sven Adler - SLU,Model of lichen abundance (or probability of occurrence) created based on remote sensing and generalized additive modeling,NA,raster,"[0, 100]",NA,10,10,"Reindeer herding area in Sweden, with exception of some reindeer herding districts",Derived,??,NA,NA,Sven Adler,NA
norut_dyrka,landscape,p_RenRein_norut,p_sam_landscape,Land cover: agricultural lands,NA,NA,NA,raster,"0, 1",NA,30,100,Norway,Resampled,NORUT land use classes,NA,NA,NINA,NA
norut_dyrka_100,landscape,p_RenRein_norut,p_sam_landscape,Land cover: agricultural lands,NA,NA,NA,raster,"0, 1",NA,30,30,Norway,Primary,NA,NA,NA,NINA,NA
norut_glacier,landscape,p_RenRein_norut,p_sam_landscape,Land cover: glacier,NA,NA,NA,raster,"0, 1",NA,30,100,Norway,Resampled,NORUT land use classes,NA,NA,NINA,NA
norut_glacier_100,landscape,p_RenRein_norut,p_sam_landscape,Land cover: glacier,NA,NA,NA,raster,"0, 1",NA,30,30,Norway,Primary,NA,NA,NA,NINA,NA
norut_grasses,landscape,p_RenRein_norut,p_sam_landscape,Land cover: grasses,NA,NA,NA,raster,"0, 1",NA,30,100,Norway,Resampled,NORUT land use classes,NA,NA,NINA,NA
norut_grasses_100,landscape,p_RenRein_norut,p_sam_landscape,Land cover: grasses,NA,NA,NA,raster,"0, 1",NA,30,30,Norway,Primary,NA,NA,NA,NINA,NA
norut_heather_lowland,landscape,p_RenRein_norut,p_sam_landscape,Land cover: heather in lowland,NA,NA,NA,raster,"0, 1",NA,30,100,Norway,Resampled,NORUT land use classes,NA,NA,NINA,NA
norut_heather_lowland_100,landscape,p_RenRein_norut,p_sam_landscape,Land cover: heather in lowland,NA,NA,NA,raster,"0, 1",NA,30,30,Norway,Primary,NA,NA,NA,NINA,NA
norut_heather_ridges,landscape,p_RenRein_norut,p_sam_landscape,Land cover: heather in ridges,NA,NA,NA,raster,"0, 1",NA,30,100,Norway,Resampled,NORUT land use classes,NA,NA,NINA,NA
norut_heather_ridges_100,landscape,p_RenRein_norut,p_sam_landscape,Land cover: heather in ridges,NA,NA,NA,raster,"0, 1",NA,30,30,Norway,Primary,NA,NA,NA,NINA,NA
norut_heathland,landscape,p_RenRein_norut,p_sam_landscape,Land cover: heathlands,NA,NA,NA,raster,"0, 1",NA,30,100,Norway,Resampled,NORUT land use classes,NA,NA,NINA,NA
norut_heathland_100,landscape,p_RenRein_norut,p_sam_landscape,Land cover: heathlands,NA,NA,NA,raster,"0, 1",NA,30,30,Norway,Primary,NA,NA,NA,NINA,NA
norut_lavskog,landscape,p_RenRein_norut,p_sam_landscape,Land cover: forest with lichens,NA,NA,NA,raster,"0, 1",NA,30,100,Norway,Resampled,NORUT land use classes,NA,NA,NINA,NA
norut_lavskog_100,landscape,p_RenRein_norut,p_sam_landscape,Land cover: forest with lichens,NA,NA,NA,raster,"0, 1",NA,30,30,Norway,Primary,NA,NA,NA,NINA,NA
norut_lichen,landscape,p_RenRein_norut,p_sam_landscape,Land cover: lichens,NA,NA,NA,raster,"0, 1",NA,30,100,Norway,Resampled,NORUT land use classes,NA,NA,NINA,NA
norut_lichen_100,landscape,p_RenRein_norut,p_sam_landscape,Land cover: lichens,NA,NA,NA,raster,"0, 1",NA,30,30,Norway,Primary,NA,NA,NA,NINA,NA
norut_meadows,landscape,p_RenRein_norut,p_sam_landscape,Land cover: meadows,NA,NA,NA,raster,"0, 1",NA,30,100,Norway,Resampled,NORUT land use classes,NA,NA,NINA,NA
norut_meadows_100,landscape,p_RenRein_norut,p_sam_landscape,Land cover: meadows,NA,NA,NA,raster,"0, 1",NA,30,30,Norway,Primary,NA,NA,NA,NINA,NA
norut_myr,landscape,p_RenRein_norut,p_sam_landscape,Land cover: mires,NA,NA,NA,raster,"0, 1",NA,30,100,Norway,Resampled,NORUT land use classes,NA,NA,NINA,NA
norut_myr_100,landscape,p_RenRein_norut,p_sam_landscape,Land cover: mires,NA,NA,NA,raster,"0, 1",NA,30,30,Norway,Primary,NA,NA,NA,NINA,NA
norut_ridges,landscape,p_RenRein_norut,p_sam_landscape,Land cover: ridges,NA,NA,NA,raster,"0, 1",NA,30,100,Norway,Resampled,NORUT land use classes,NA,NA,NINA,NA
norut_ridges_100,landscape,p_RenRein_norut,p_sam_landscape,Land cover: ridges,NA,NA,NA,raster,"0, 1",NA,30,30,Norway,Primary,NA,NA,NA,NINA,NA
norut_skog,landscape,p_RenRein_norut,p_sam_landscape,Land cover: forest,NA,NA,NA,raster,"0, 1",NA,30,100,Norway,Resampled,NORUT land use classes,NA,NA,NINA,NA
norut_skog_100,landscape,p_RenRein_norut,p_sam_landscape,Land cover: forest,NA,NA,NA,raster,"0, 1",NA,30,30,Norway,Primary,NA,NA,NA,NINA,NA
norut_snow,landscape,p_RenRein_norut,p_sam_landscape,Land cover: snow,NA,NA,NA,raster,"0, 1",NA,30,100,Norway,Resampled,NORUT land use classes,NA,NA,NINA,NA
norut_snow_100,landscape,p_RenRein_norut,p_sam_landscape,Land cover: snow,NA,NA,NA,raster,"0, 1",NA,30,30,Norway,Primary,NA,NA,NA,NINA,NA
norut_snowbed,landscape,p_RenRein_norut,p_sam_landscape,Land cover: snowbed,NA,NA,NA,raster,"0, 1",NA,30,100,Norway,Resampled,NORUT land use classes,NA,NA,NINA,NA
norut_snowbed_100,landscape,p_RenRein_norut,p_sam_landscape,Land cover: snowbed,NA,NA,NA,raster,"0, 1",NA,30,30,Norway,Primary,NA,NA,NA,NINA,NA
beitedyr_10000,NA,u_bram.van.moorter,NA,NA,NA,NA,NA,NA,NA,NA,NA,NA,NA,NA,NA,NA,NA,NA,NA
beitedyr_5000,NA,u_bram.van.moorter,NA,NA,NA,NA,NA,NA,NA,NA,NA,NA,NA,NA,NA,NA,NA,NA,NA
dem_10m_nosefi_float_slope,NA,g_Elevation_Fenoscandia,NA,NA,NA,NA,NA,NA,NA,NA,NA,NA,NA,NA,NA,NA,NA,NA,NA
houses_100,NA,p_prodchange_envpointsTT,NA,NA,NA,NA,NA,NA,NA,NA,NA,NA,NA,NA,NA,NA,NA,NA,NA
houses_1000,NA,p_prodchange_envpointsTT,NA,NA,NA,NA,NA,NA,NA,NA,NA,NA,NA,NA,NA,NA,NA,NA,NA
houses_10000,NA,p_prodchange_envpointsTT,NA,NA,NA,NA,NA,NA,NA,NA,NA,NA,NA,NA,NA,NA,NA,NA,NA
houses_250,NA,p_prodchange_envpointsTT,NA,NA,NA,NA,NA,NA,NA,NA,NA,NA,NA,NA,NA,NA,NA,NA,NA
houses_2500,NA,p_prodchange_envpointsTT,NA,NA,NA,NA,NA,NA,NA,NA,NA,NA,NA,NA,NA,NA,NA,NA,NA
houses_500,NA,p_prodchange_envpointsTT,NA,NA,NA,NA,NA,NA,NA,NA,NA,NA,NA,NA,NA,NA,NA,NA,NA
houses_5000,NA,p_prodchange_envpointsTT,NA,NA,NA,NA,NA,NA,NA,NA,NA,NA,NA,NA,NA,NA,NA,NA,NA
lakes_1000,NA,p_prodchange_envpolyTT,NA,NA,NA,NA,NA,NA,NA,NA,NA,NA,NA,NA,NA,NA,NA,NA,NA
lakes_10000,NA,p_prodchange_envpolyTT,NA,NA,NA,NA,NA,NA,NA,NA,NA,NA,NA,NA,NA,NA,NA,NA,NA
lakes_250,NA,p_prodchange_envpolyTT,NA,NA,NA,NA,NA,NA,NA,NA,NA,NA,NA,NA,NA,NA,NA,NA,NA
lakes_2500,NA,p_prodchange_envpolyTT,NA,NA,NA,NA,NA,NA,NA,NA,NA,NA,NA,NA,NA,NA,NA,NA,NA
lakes_500,NA,p_prodchange_envpolyTT,NA,NA,NA,NA,NA,NA,NA,NA,NA,NA,NA,NA,NA,NA,NA,NA,NA
lakes_5000,NA,p_prodchange_envpolyTT,NA,NA,NA,NA,NA,NA,NA,NA,NA,NA,NA,NA,NA,NA,NA,NA,NA
maxAverageAllYrs_1000_100m_2,NA,g_LandCover_Fenoscndia_PHENOLOGY_SAM_TT,NA,NA,NA,NA,NA,NA,NA,NA,NA,NA,NA,NA,NA,NA,NA,NA,NA
maxAverageAllYrs_10000_100m_2,NA,g_LandCover_Fenoscndia_PHENOLOGY_SAM_TT,NA,NA,NA,NA,NA,NA,NA,NA,NA,NA,NA,NA,NA,NA,NA,NA,NA
maxAverageAllYrs_250_100m_2,NA,g_LandCover_Fenoscndia_PHENOLOGY_SAM_TT,NA,NA,NA,NA,NA,NA,NA,NA,NA,NA,NA,NA,NA,NA,NA,NA,NA
maxAverageAllYrs_2500_100m_2,NA,g_LandCover_Fenoscndia_PHENOLOGY_SAM_TT,NA,NA,NA,NA,NA,NA,NA,NA,NA,NA,NA,NA,NA,NA,NA,NA,NA
maxAverageAllYrs_500_100m_2,NA,g_LandCover_Fenoscndia_PHENOLOGY_SAM_TT,NA,NA,NA,NA,NA,NA,NA,NA,NA,NA,NA,NA,NA,NA,NA,NA,NA
maxAverageAllYrs_5000_100m_2,NA,g_LandCover_Fenoscndia_PHENOLOGY_SAM_TT,NA,NA,NA,NA,NA,NA,NA,NA,NA,NA,NA,NA,NA,NA,NA,NA,NA
norut_dyrka_100_100m,NA,g_LandCover_Norway_NORUT_SAM_TT,NA,NA,NA,NA,NA,NA,NA,NA,NA,NA,NA,NA,NA,NA,NA,NA,NA
norut_dyrka_1000_100m,NA,g_LandCover_Norway_NORUT_SAM_TT,NA,NA,NA,NA,NA,NA,NA,NA,NA,NA,NA,NA,NA,NA,NA,NA,NA
norut_dyrka_10000_100m,NA,g_LandCover_Norway_NORUT_SAM_TT,NA,NA,NA,NA,NA,NA,NA,NA,NA,NA,NA,NA,NA,NA,NA,NA,NA
norut_dyrka_250_100m,NA,g_LandCover_Norway_NORUT_SAM_TT,NA,NA,NA,NA,NA,NA,NA,NA,NA,NA,NA,NA,NA,NA,NA,NA,NA
norut_dyrka_2500_100m,NA,g_LandCover_Norway_NORUT_SAM_TT,NA,NA,NA,NA,NA,NA,NA,NA,NA,NA,NA,NA,NA,NA,NA,NA,NA
norut_dyrka_500_100m,NA,g_LandCover_Norway_NORUT_SAM_TT,NA,NA,NA,NA,NA,NA,NA,NA,NA,NA,NA,NA,NA,NA,NA,NA,NA
norut_dyrka_5000_100m,NA,g_LandCover_Norway_NORUT_SAM_TT,NA,NA,NA,NA,NA,NA,NA,NA,NA,NA,NA,NA,NA,NA,NA,NA,NA
norut_impediment_100_100m,NA,g_LandCover_Norway_NORUT_SAM_TT,NA,NA,NA,NA,NA,NA,NA,NA,NA,NA,NA,NA,NA,NA,NA,NA,NA
norut_impediment_1000_100m,NA,g_LandCover_Norway_NORUT_SAM_TT,NA,NA,NA,NA,NA,NA,NA,NA,NA,NA,NA,NA,NA,NA,NA,NA,NA
norut_impediment_10000_100m,NA,g_LandCover_Norway_NORUT_SAM_TT,NA,NA,NA,NA,NA,NA,NA,NA,NA,NA,NA,NA,NA,NA,NA,NA,NA
norut_impediment_250_100m,NA,g_LandCover_Norway_NORUT_SAM_TT,NA,NA,NA,NA,NA,NA,NA,NA,NA,NA,NA,NA,NA,NA,NA,NA,NA
norut_impediment_2500_100m,NA,g_LandCover_Norway_NORUT_SAM_TT,NA,NA,NA,NA,NA,NA,NA,NA,NA,NA,NA,NA,NA,NA,NA,NA,NA
norut_impediment_500_100m,NA,g_LandCover_Norway_NORUT_SAM_TT,NA,NA,NA,NA,NA,NA,NA,NA,NA,NA,NA,NA,NA,NA,NA,NA,NA
norut_impediment_5000_100m,NA,g_LandCover_Norway_NORUT_SAM_TT,NA,NA,NA,NA,NA,NA,NA,NA,NA,NA,NA,NA,NA,NA,NA,NA,NA
norut_lav_100_100m,NA,g_LandCover_Norway_NORUT_SAM_TT,NA,NA,NA,NA,NA,NA,NA,NA,NA,NA,NA,NA,NA,NA,NA,NA,NA
norut_lav_1000_100m,NA,g_LandCover_Norway_NORUT_SAM_TT,NA,NA,NA,NA,NA,NA,NA,NA,NA,NA,NA,NA,NA,NA,NA,NA,NA
norut_lav_10000_100m,NA,g_LandCover_Norway_NORUT_SAM_TT,NA,NA,NA,NA,NA,NA,NA,NA,NA,NA,NA,NA,NA,NA,NA,NA,NA
norut_lav_250_100m,NA,g_LandCover_Norway_NORUT_SAM_TT,NA,NA,NA,NA,NA,NA,NA,NA,NA,NA,NA,NA,NA,NA,NA,NA,NA
norut_lav_2500_100m,NA,g_LandCover_Norway_NORUT_SAM_TT,NA,NA,NA,NA,NA,NA,NA,NA,NA,NA,NA,NA,NA,NA,NA,NA,NA
norut_lav_500_100m,NA,g_LandCover_Norway_NORUT_SAM_TT,NA,NA,NA,NA,NA,NA,NA,NA,NA,NA,NA,NA,NA,NA,NA,NA,NA
norut_lav_5000_100m,NA,g_LandCover_Norway_NORUT_SAM_TT,NA,NA,NA,NA,NA,NA,NA,NA,NA,NA,NA,NA,NA,NA,NA,NA,NA
norut_lavskog_100_100m,NA,g_LandCover_Norway_NORUT_SAM_TT,NA,NA,NA,NA,NA,NA,NA,NA,NA,NA,NA,NA,NA,NA,NA,NA,NA
norut_lavskog_1000_100m,NA,g_LandCover_Norway_NORUT_SAM_TT,NA,NA,NA,NA,NA,NA,NA,NA,NA,NA,NA,NA,NA,NA,NA,NA,NA
norut_lavskog_10000_100m,NA,g_LandCover_Norway_NORUT_SAM_TT,NA,NA,NA,NA,NA,NA,NA,NA,NA,NA,NA,NA,NA,NA,NA,NA,NA
norut_lavskog_250_100m,NA,g_LandCover_Norway_NORUT_SAM_TT,NA,NA,NA,NA,NA,NA,NA,NA,NA,NA,NA,NA,NA,NA,NA,NA,NA
norut_lavskog_2500_100m,NA,g_LandCover_Norway_NORUT_SAM_TT,NA,NA,NA,NA,NA,NA,NA,NA,NA,NA,NA,NA,NA,NA,NA,NA,NA
norut_lavskog_500_100m,NA,g_LandCover_Norway_NORUT_SAM_TT,NA,NA,NA,NA,NA,NA,NA,NA,NA,NA,NA,NA,NA,NA,NA,NA,NA
norut_lavskog_5000_100m,NA,g_LandCover_Norway_NORUT_SAM_TT,NA,NA,NA,NA,NA,NA,NA,NA,NA,NA,NA,NA,NA,NA,NA,NA,NA
norut_myr_100_100m,NA,g_LandCover_Norway_NORUT_SAM_TT,NA,NA,NA,NA,NA,NA,NA,NA,NA,NA,NA,NA,NA,NA,NA,NA,NA
norut_myr_1000_100m,NA,g_LandCover_Norway_NORUT_SAM_TT,NA,NA,NA,NA,NA,NA,NA,NA,NA,NA,NA,NA,NA,NA,NA,NA,NA
norut_myr_10000_100m,NA,g_LandCover_Norway_NORUT_SAM_TT,NA,NA,NA,NA,NA,NA,NA,NA,NA,NA,NA,NA,NA,NA,NA,NA,NA
norut_myr_250_100m,NA,g_LandCover_Norway_NORUT_SAM_TT,NA,NA,NA,NA,NA,NA,NA,NA,NA,NA,NA,NA,NA,NA,NA,NA,NA
norut_myr_2500_100m,NA,g_LandCover_Norway_NORUT_SAM_TT,NA,NA,NA,NA,NA,NA,NA,NA,NA,NA,NA,NA,NA,NA,NA,NA,NA
norut_myr_500_100m,NA,g_LandCover_Norway_NORUT_SAM_TT,NA,NA,NA,NA,NA,NA,NA,NA,NA,NA,NA,NA,NA,NA,NA,NA,NA
norut_myr_5000_100m,NA,g_LandCover_Norway_NORUT_SAM_TT,NA,NA,NA,NA,NA,NA,NA,NA,NA,NA,NA,NA,NA,NA,NA,NA,NA
norut_open_100_100m,NA,g_LandCover_Norway_NORUT_SAM_TT,NA,NA,NA,NA,NA,NA,NA,NA,NA,NA,NA,NA,NA,NA,NA,NA,NA
norut_open_1000_100m,NA,g_LandCover_Norway_NORUT_SAM_TT,NA,NA,NA,NA,NA,NA,NA,NA,NA,NA,NA,NA,NA,NA,NA,NA,NA
norut_open_10000_100m,NA,g_LandCover_Norway_NORUT_SAM_TT,NA,NA,NA,NA,NA,NA,NA,NA,NA,NA,NA,NA,NA,NA,NA,NA,NA
norut_open_250_100m,NA,g_LandCover_Norway_NORUT_SAM_TT,NA,NA,NA,NA,NA,NA,NA,NA,NA,NA,NA,NA,NA,NA,NA,NA,NA
norut_open_2500_100m,NA,g_LandCover_Norway_NORUT_SAM_TT,NA,NA,NA,NA,NA,NA,NA,NA,NA,NA,NA,NA,NA,NA,NA,NA,NA
norut_open_500_100m,NA,g_LandCover_Norway_NORUT_SAM_TT,NA,NA,NA,NA,NA,NA,NA,NA,NA,NA,NA,NA,NA,NA,NA,NA,NA
norut_open_5000_100m,NA,g_LandCover_Norway_NORUT_SAM_TT,NA,NA,NA,NA,NA,NA,NA,NA,NA,NA,NA,NA,NA,NA,NA,NA,NA
norut_skog_100_100m,NA,g_LandCover_Norway_NORUT_SAM_TT,NA,NA,NA,NA,NA,NA,NA,NA,NA,NA,NA,NA,NA,NA,NA,NA,NA
norut_skog_1000_100m,NA,g_LandCover_Norway_NORUT_SAM_TT,NA,NA,NA,NA,NA,NA,NA,NA,NA,NA,NA,NA,NA,NA,NA,NA,NA
norut_skog_10000_100m,NA,g_LandCover_Norway_NORUT_SAM_TT,NA,NA,NA,NA,NA,NA,NA,NA,NA,NA,NA,NA,NA,NA,NA,NA,NA
norut_skog_250_100m,NA,g_LandCover_Norway_NORUT_SAM_TT,NA,NA,NA,NA,NA,NA,NA,NA,NA,NA,NA,NA,NA,NA,NA,NA,NA
norut_skog_2500_100m,NA,g_LandCover_Norway_NORUT_SAM_TT,NA,NA,NA,NA,NA,NA,NA,NA,NA,NA,NA,NA,NA,NA,NA,NA,NA
norut_skog_500_100m,NA,g_LandCover_Norway_NORUT_SAM_TT,NA,NA,NA,NA,NA,NA,NA,NA,NA,NA,NA,NA,NA,NA,NA,NA,NA
norut_skog_5000_100m,NA,g_LandCover_Norway_NORUT_SAM_TT,NA,NA,NA,NA,NA,NA,NA,NA,NA,NA,NA,NA,NA,NA,NA,NA,NA
powerlines_100,NA,p_prodchange_roadsTT,NA,NA,NA,NA,NA,NA,NA,NA,NA,NA,NA,NA,NA,NA,NA,NA,NA
powerlines_1000,NA,p_prodchange_roadsTT,NA,NA,NA,NA,NA,NA,NA,NA,NA,NA,NA,NA,NA,NA,NA,NA,NA
powerlines_10000,NA,p_prodchange_roadsTT,NA,NA,NA,NA,NA,NA,NA,NA,NA,NA,NA,NA,NA,NA,NA,NA,NA
powerlines_250,NA,p_prodchange_roadsTT,NA,NA,NA,NA,NA,NA,NA,NA,NA,NA,NA,NA,NA,NA,NA,NA,NA
powerlines_2500,NA,p_prodchange_roadsTT,NA,NA,NA,NA,NA,NA,NA,NA,NA,NA,NA,NA,NA,NA,NA,NA,NA
powerlines_500,NA,p_prodchange_roadsTT,NA,NA,NA,NA,NA,NA,NA,NA,NA,NA,NA,NA,NA,NA,NA,NA,NA
powerlines_5000,NA,p_prodchange_roadsTT,NA,NA,NA,NA,NA,NA,NA,NA,NA,NA,NA,NA,NA,NA,NA,NA,NA
private_cabins_100,NA,p_prodchange_envpointsTT,NA,NA,NA,NA,NA,NA,NA,NA,NA,NA,NA,NA,NA,NA,NA,NA,NA
private_cabins_1000,NA,p_prodchange_envpointsTT,NA,NA,NA,NA,NA,NA,NA,NA,NA,NA,NA,NA,NA,NA,NA,NA,NA
private_cabins_10000,NA,p_prodchange_envpointsTT,NA,NA,NA,NA,NA,NA,NA,NA,NA,NA,NA,NA,NA,NA,NA,NA,NA
private_cabins_250,NA,p_prodchange_envpointsTT,NA,NA,NA,NA,NA,NA,NA,NA,NA,NA,NA,NA,NA,NA,NA,NA,NA
private_cabins_2500,NA,p_prodchange_envpointsTT,NA,NA,NA,NA,NA,NA,NA,NA,NA,NA,NA,NA,NA,NA,NA,NA,NA
private_cabins_500,NA,p_prodchange_envpointsTT,NA,NA,NA,NA,NA,NA,NA,NA,NA,NA,NA,NA,NA,NA,NA,NA,NA
private_cabins_5000,NA,p_prodchange_envpointsTT,NA,NA,NA,NA,NA,NA,NA,NA,NA,NA,NA,NA,NA,NA,NA,NA,NA
pub_cabins_summer_high_100,NA,p_prodchange_envpointsTT,NA,NA,NA,NA,NA,NA,NA,NA,NA,NA,NA,NA,NA,NA,NA,NA,NA
pub_cabins_summer_high_1000,NA,p_prodchange_envpointsTT,NA,NA,NA,NA,NA,NA,NA,NA,NA,NA,NA,NA,NA,NA,NA,NA,NA
pub_cabins_summer_high_10000,NA,p_prodchange_envpointsTT,NA,NA,NA,NA,NA,NA,NA,NA,NA,NA,NA,NA,NA,NA,NA,NA,NA
pub_cabins_summer_high_250,NA,p_prodchange_envpointsTT,NA,NA,NA,NA,NA,NA,NA,NA,NA,NA,NA,NA,NA,NA,NA,NA,NA
pub_cabins_summer_high_2500,NA,p_prodchange_envpointsTT,NA,NA,NA,NA,NA,NA,NA,NA,NA,NA,NA,NA,NA,NA,NA,NA,NA
pub_cabins_summer_high_500,NA,p_prodchange_envpointsTT,NA,NA,NA,NA,NA,NA,NA,NA,NA,NA,NA,NA,NA,NA,NA,NA,NA
pub_cabins_summer_high_5000,NA,p_prodchange_envpointsTT,NA,NA,NA,NA,NA,NA,NA,NA,NA,NA,NA,NA,NA,NA,NA,NA,NA
pub_cabins_summer_low_100,NA,p_prodchange_envpointsTT,NA,NA,NA,NA,NA,NA,NA,NA,NA,NA,NA,NA,NA,NA,NA,NA,NA
pub_cabins_summer_low_1000,NA,p_prodchange_envpointsTT,NA,NA,NA,NA,NA,NA,NA,NA,NA,NA,NA,NA,NA,NA,NA,NA,NA
pub_cabins_summer_low_10000,NA,p_prodchange_envpointsTT,NA,NA,NA,NA,NA,NA,NA,NA,NA,NA,NA,NA,NA,NA,NA,NA,NA
pub_cabins_summer_low_250,NA,p_prodchange_envpointsTT,NA,NA,NA,NA,NA,NA,NA,NA,NA,NA,NA,NA,NA,NA,NA,NA,NA
pub_cabins_summer_low_2500,NA,p_prodchange_envpointsTT,NA,NA,NA,NA,NA,NA,NA,NA,NA,NA,NA,NA,NA,NA,NA,NA,NA
pub_cabins_summer_low_500,NA,p_prodchange_envpointsTT,NA,NA,NA,NA,NA,NA,NA,NA,NA,NA,NA,NA,NA,NA,NA,NA,NA
pub_cabins_summer_low_5000,NA,p_prodchange_envpointsTT,NA,NA,NA,NA,NA,NA,NA,NA,NA,NA,NA,NA,NA,NA,NA,NA,NA
pub_cabins_winter_high_100,NA,p_prodchange_envpointsTT,NA,NA,NA,NA,NA,NA,NA,NA,NA,NA,NA,NA,NA,NA,NA,NA,NA
pub_cabins_winter_high_1000,NA,p_prodchange_envpointsTT,NA,NA,NA,NA,NA,NA,NA,NA,NA,NA,NA,NA,NA,NA,NA,NA,NA
pub_cabins_winter_high_10000,NA,p_prodchange_envpointsTT,NA,NA,NA,NA,NA,NA,NA,NA,NA,NA,NA,NA,NA,NA,NA,NA,NA
pub_cabins_winter_high_250,NA,p_prodchange_envpointsTT,NA,NA,NA,NA,NA,NA,NA,NA,NA,NA,NA,NA,NA,NA,NA,NA,NA
pub_cabins_winter_high_2500,NA,p_prodchange_envpointsTT,NA,NA,NA,NA,NA,NA,NA,NA,NA,NA,NA,NA,NA,NA,NA,NA,NA
pub_cabins_winter_high_500,NA,p_prodchange_envpointsTT,NA,NA,NA,NA,NA,NA,NA,NA,NA,NA,NA,NA,NA,NA,NA,NA,NA
pub_cabins_winter_high_5000,NA,p_prodchange_envpointsTT,NA,NA,NA,NA,NA,NA,NA,NA,NA,NA,NA,NA,NA,NA,NA,NA,NA
pub_cabins_winter_low_100,NA,p_prodchange_envpointsTT,NA,NA,NA,NA,NA,NA,NA,NA,NA,NA,NA,NA,NA,NA,NA,NA,NA
pub_cabins_winter_low_1000,NA,p_prodchange_envpointsTT,NA,NA,NA,NA,NA,NA,NA,NA,NA,NA,NA,NA,NA,NA,NA,NA,NA
pub_cabins_winter_low_10000,NA,p_prodchange_envpointsTT,NA,NA,NA,NA,NA,NA,NA,NA,NA,NA,NA,NA,NA,NA,NA,NA,NA
pub_cabins_winter_low_250,NA,p_prodchange_envpointsTT,NA,NA,NA,NA,NA,NA,NA,NA,NA,NA,NA,NA,NA,NA,NA,NA,NA
pub_cabins_winter_low_2500,NA,p_prodchange_envpointsTT,NA,NA,NA,NA,NA,NA,NA,NA,NA,NA,NA,NA,NA,NA,NA,NA,NA
pub_cabins_winter_low_500,NA,p_prodchange_envpointsTT,NA,NA,NA,NA,NA,NA,NA,NA,NA,NA,NA,NA,NA,NA,NA,NA,NA
pub_cabins_winter_low_5000,NA,p_prodchange_envpointsTT,NA,NA,NA,NA,NA,NA,NA,NA,NA,NA,NA,NA,NA,NA,NA,NA,NA
railway_100,NA,p_prodchange_roadsTT,NA,NA,NA,NA,NA,NA,NA,NA,NA,NA,NA,NA,NA,NA,NA,NA,NA
railway_1000,NA,p_prodchange_roadsTT,NA,NA,NA,NA,NA,NA,NA,NA,NA,NA,NA,NA,NA,NA,NA,NA,NA
railway_10000,NA,p_prodchange_roadsTT,NA,NA,NA,NA,NA,NA,NA,NA,NA,NA,NA,NA,NA,NA,NA,NA,NA
railway_250,NA,p_prodchange_roadsTT,NA,NA,NA,NA,NA,NA,NA,NA,NA,NA,NA,NA,NA,NA,NA,NA,NA
railway_2500,NA,p_prodchange_roadsTT,NA,NA,NA,NA,NA,NA,NA,NA,NA,NA,NA,NA,NA,NA,NA,NA,NA
railway_500,NA,p_prodchange_roadsTT,NA,NA,NA,NA,NA,NA,NA,NA,NA,NA,NA,NA,NA,NA,NA,NA,NA
railway_5000,NA,p_prodchange_roadsTT,NA,NA,NA,NA,NA,NA,NA,NA,NA,NA,NA,NA,NA,NA,NA,NA,NA
reservoirs_1000,NA,p_prodchange_envpolyTT,NA,NA,NA,NA,NA,NA,NA,NA,NA,NA,NA,NA,NA,NA,NA,NA,NA
reservoirs_10000,NA,p_prodchange_envpolyTT,NA,NA,NA,NA,NA,NA,NA,NA,NA,NA,NA,NA,NA,NA,NA,NA,NA
reservoirs_250,NA,p_prodchange_envpolyTT,NA,NA,NA,NA,NA,NA,NA,NA,NA,NA,NA,NA,NA,NA,NA,NA,NA
reservoirs_2500,NA,p_prodchange_envpolyTT,NA,NA,NA,NA,NA,NA,NA,NA,NA,NA,NA,NA,NA,NA,NA,NA,NA
reservoirs_500,NA,p_prodchange_envpolyTT,NA,NA,NA,NA,NA,NA,NA,NA,NA,NA,NA,NA,NA,NA,NA,NA,NA
reservoirs_5000,NA,p_prodchange_envpolyTT,NA,NA,NA,NA,NA,NA,NA,NA,NA,NA,NA,NA,NA,NA,NA,NA,NA
roads_summer_high_100,NA,p_prodchange_roadsTT,NA,NA,NA,NA,NA,NA,NA,NA,NA,NA,NA,NA,NA,NA,NA,NA,NA
roads_summer_high_1000,NA,p_prodchange_roadsTT,NA,NA,NA,NA,NA,NA,NA,NA,NA,NA,NA,NA,NA,NA,NA,NA,NA
roads_summer_high_10000,NA,p_prodchange_roadsTT,NA,NA,NA,NA,NA,NA,NA,NA,NA,NA,NA,NA,NA,NA,NA,NA,NA
roads_summer_high_250,NA,p_prodchange_roadsTT,NA,NA,NA,NA,NA,NA,NA,NA,NA,NA,NA,NA,NA,NA,NA,NA,NA
roads_summer_high_2500,NA,p_prodchange_roadsTT,NA,NA,NA,NA,NA,NA,NA,NA,NA,NA,NA,NA,NA,NA,NA,NA,NA
roads_summer_high_500,NA,p_prodchange_roadsTT,NA,NA,NA,NA,NA,NA,NA,NA,NA,NA,NA,NA,NA,NA,NA,NA,NA
roads_summer_high_5000,NA,p_prodchange_roadsTT,NA,NA,NA,NA,NA,NA,NA,NA,NA,NA,NA,NA,NA,NA,NA,NA,NA
roads_summer_low_100,NA,p_prodchange_roadsTT,NA,NA,NA,NA,NA,NA,NA,NA,NA,NA,NA,NA,NA,NA,NA,NA,NA
roads_summer_low_1000,NA,p_prodchange_roadsTT,NA,NA,NA,NA,NA,NA,NA,NA,NA,NA,NA,NA,NA,NA,NA,NA,NA
roads_summer_low_10000,NA,p_prodchange_roadsTT,NA,NA,NA,NA,NA,NA,NA,NA,NA,NA,NA,NA,NA,NA,NA,NA,NA
roads_summer_low_250,NA,p_prodchange_roadsTT,NA,NA,NA,NA,NA,NA,NA,NA,NA,NA,NA,NA,NA,NA,NA,NA,NA
roads_summer_low_2500,NA,p_prodchange_roadsTT,NA,NA,NA,NA,NA,NA,NA,NA,NA,NA,NA,NA,NA,NA,NA,NA,NA
roads_summer_low_500,NA,p_prodchange_roadsTT,NA,NA,NA,NA,NA,NA,NA,NA,NA,NA,NA,NA,NA,NA,NA,NA,NA
roads_summer_low_5000,NA,p_prodchange_roadsTT,NA,NA,NA,NA,NA,NA,NA,NA,NA,NA,NA,NA,NA,NA,NA,NA,NA
roads_winter_high_100,NA,p_prodchange_roadsTT,NA,NA,NA,NA,NA,NA,NA,NA,NA,NA,NA,NA,NA,NA,NA,NA,NA
roads_winter_high_1000,NA,p_prodchange_roadsTT,NA,NA,NA,NA,NA,NA,NA,NA,NA,NA,NA,NA,NA,NA,NA,NA,NA
roads_winter_high_10000,NA,p_prodchange_roadsTT,NA,NA,NA,NA,NA,NA,NA,NA,NA,NA,NA,NA,NA,NA,NA,NA,NA
roads_winter_high_250,NA,p_prodchange_roadsTT,NA,NA,NA,NA,NA,NA,NA,NA,NA,NA,NA,NA,NA,NA,NA,NA,NA
roads_winter_high_2500,NA,p_prodchange_roadsTT,NA,NA,NA,NA,NA,NA,NA,NA,NA,NA,NA,NA,NA,NA,NA,NA,NA
roads_winter_high_500,NA,p_prodchange_roadsTT,NA,NA,NA,NA,NA,NA,NA,NA,NA,NA,NA,NA,NA,NA,NA,NA,NA
roads_winter_high_5000,NA,p_prodchange_roadsTT,NA,NA,NA,NA,NA,NA,NA,NA,NA,NA,NA,NA,NA,NA,NA,NA,NA
roads_winter_low_100,NA,p_prodchange_roadsTT,NA,NA,NA,NA,NA,NA,NA,NA,NA,NA,NA,NA,NA,NA,NA,NA,NA
roads_winter_low_1000,NA,p_prodchange_roadsTT,NA,NA,NA,NA,NA,NA,NA,NA,NA,NA,NA,NA,NA,NA,NA,NA,NA
roads_winter_low_10000,NA,p_prodchange_roadsTT,NA,NA,NA,NA,NA,NA,NA,NA,NA,NA,NA,NA,NA,NA,NA,NA,NA
roads_winter_low_250,NA,p_prodchange_roadsTT,NA,NA,NA,NA,NA,NA,NA,NA,NA,NA,NA,NA,NA,NA,NA,NA,NA
roads_winter_low_2500,NA,p_prodchange_roadsTT,NA,NA,NA,NA,NA,NA,NA,NA,NA,NA,NA,NA,NA,NA,NA,NA,NA
roads_winter_low_500,NA,p_prodchange_roadsTT,NA,NA,NA,NA,NA,NA,NA,NA,NA,NA,NA,NA,NA,NA,NA,NA,NA
roads_winter_low_5000,NA,p_prodchange_roadsTT,NA,NA,NA,NA,NA,NA,NA,NA,NA,NA,NA,NA,NA,NA,NA,NA,NA
skitracks_cal_high_100,NA,p_prodchange_trailsTT,NA,NA,NA,NA,NA,NA,NA,NA,NA,NA,NA,NA,NA,NA,NA,NA,NA
skitracks_cal_high_1000,NA,p_prodchange_trailsTT,NA,NA,NA,NA,NA,NA,NA,NA,NA,NA,NA,NA,NA,NA,NA,NA,NA
skitracks_cal_high_10000,NA,p_prodchange_trailsTT,NA,NA,NA,NA,NA,NA,NA,NA,NA,NA,NA,NA,NA,NA,NA,NA,NA
skitracks_cal_high_250,NA,p_prodchange_trailsTT,NA,NA,NA,NA,NA,NA,NA,NA,NA,NA,NA,NA,NA,NA,NA,NA,NA
skitracks_cal_high_2500,NA,p_prodchange_trailsTT,NA,NA,NA,NA,NA,NA,NA,NA,NA,NA,NA,NA,NA,NA,NA,NA,NA
skitracks_cal_high_500,NA,p_prodchange_trailsTT,NA,NA,NA,NA,NA,NA,NA,NA,NA,NA,NA,NA,NA,NA,NA,NA,NA
skitracks_cal_high_5000,NA,p_prodchange_trailsTT,NA,NA,NA,NA,NA,NA,NA,NA,NA,NA,NA,NA,NA,NA,NA,NA,NA
skitracks_cal_low_100,NA,p_prodchange_trailsTT,NA,NA,NA,NA,NA,NA,NA,NA,NA,NA,NA,NA,NA,NA,NA,NA,NA
skitracks_cal_low_1000,NA,p_prodchange_trailsTT,NA,NA,NA,NA,NA,NA,NA,NA,NA,NA,NA,NA,NA,NA,NA,NA,NA
skitracks_cal_low_10000,NA,p_prodchange_trailsTT,NA,NA,NA,NA,NA,NA,NA,NA,NA,NA,NA,NA,NA,NA,NA,NA,NA
skitracks_cal_low_250,NA,p_prodchange_trailsTT,NA,NA,NA,NA,NA,NA,NA,NA,NA,NA,NA,NA,NA,NA,NA,NA,NA
skitracks_cal_low_2500,NA,p_prodchange_trailsTT,NA,NA,NA,NA,NA,NA,NA,NA,NA,NA,NA,NA,NA,NA,NA,NA,NA
skitracks_cal_low_500,NA,p_prodchange_trailsTT,NA,NA,NA,NA,NA,NA,NA,NA,NA,NA,NA,NA,NA,NA,NA,NA,NA
skitracks_cal_low_5000,NA,p_prodchange_trailsTT,NA,NA,NA,NA,NA,NA,NA,NA,NA,NA,NA,NA,NA,NA,NA,NA,NA
skitracks_win_high_100,NA,p_prodchange_trailsTT,NA,NA,NA,NA,NA,NA,NA,NA,NA,NA,NA,NA,NA,NA,NA,NA,NA
skitracks_win_high_1000,NA,p_prodchange_trailsTT,NA,NA,NA,NA,NA,NA,NA,NA,NA,NA,NA,NA,NA,NA,NA,NA,NA
skitracks_win_high_10000,NA,p_prodchange_trailsTT,NA,NA,NA,NA,NA,NA,NA,NA,NA,NA,NA,NA,NA,NA,NA,NA,NA
skitracks_win_high_250,NA,p_prodchange_trailsTT,NA,NA,NA,NA,NA,NA,NA,NA,NA,NA,NA,NA,NA,NA,NA,NA,NA
skitracks_win_high_2500,NA,p_prodchange_trailsTT,NA,NA,NA,NA,NA,NA,NA,NA,NA,NA,NA,NA,NA,NA,NA,NA,NA
skitracks_win_high_500,NA,p_prodchange_trailsTT,NA,NA,NA,NA,NA,NA,NA,NA,NA,NA,NA,NA,NA,NA,NA,NA,NA
skitracks_win_high_5000,NA,p_prodchange_trailsTT,NA,NA,NA,NA,NA,NA,NA,NA,NA,NA,NA,NA,NA,NA,NA,NA,NA
skitracks_win_low_100,NA,p_prodchange_trailsTT,NA,NA,NA,NA,NA,NA,NA,NA,NA,NA,NA,NA,NA,NA,NA,NA,NA
skitracks_win_low_1000,NA,p_prodchange_trailsTT,NA,NA,NA,NA,NA,NA,NA,NA,NA,NA,NA,NA,NA,NA,NA,NA,NA
skitracks_win_low_10000,NA,p_prodchange_trailsTT,NA,NA,NA,NA,NA,NA,NA,NA,NA,NA,NA,NA,NA,NA,NA,NA,NA
skitracks_win_low_250,NA,p_prodchange_trailsTT,NA,NA,NA,NA,NA,NA,NA,NA,NA,NA,NA,NA,NA,NA,NA,NA,NA
skitracks_win_low_2500,NA,p_prodchange_trailsTT,NA,NA,NA,NA,NA,NA,NA,NA,NA,NA,NA,NA,NA,NA,NA,NA,NA
skitracks_win_low_500,NA,p_prodchange_trailsTT,NA,NA,NA,NA,NA,NA,NA,NA,NA,NA,NA,NA,NA,NA,NA,NA,NA
skitracks_win_low_5000,NA,p_prodchange_trailsTT,NA,NA,NA,NA,NA,NA,NA,NA,NA,NA,NA,NA,NA,NA,NA,NA,NA
snowDepth_avg_00_18_1000,NA,u_torkildtveraa,NA,NA,NA,NA,NA,NA,NA,NA,NA,NA,NA,NA,NA,NA,NA,NA,NA
snowDepth_avg_00_18_10000,NA,u_torkildtveraa,NA,NA,NA,NA,NA,NA,NA,NA,NA,NA,NA,NA,NA,NA,NA,NA,NA
snowDepth_avg_00_18_2500,NA,u_torkildtveraa,NA,NA,NA,NA,NA,NA,NA,NA,NA,NA,NA,NA,NA,NA,NA,NA,NA
snowDepth_avg_00_18_5000,NA,u_torkildtveraa,NA,NA,NA,NA,NA,NA,NA,NA,NA,NA,NA,NA,NA,NA,NA,NA,NA
solar_radiation_10m_july,NA,g_EnergyResources_Fenoscandia,NA,NA,NA,NA,NA,NA,NA,NA,NA,NA,NA,NA,NA,NA,NA,NA,NA
sprAverageAllYrs_1000_100m_2,NA,g_LandCover_Fenoscndia_PHENOLOGY_SAM_TT,NA,NA,NA,NA,NA,NA,NA,NA,NA,NA,NA,NA,NA,NA,NA,NA,NA
sprAverageAllYrs_10000_100m_2,NA,g_LandCover_Fenoscndia_PHENOLOGY_SAM_TT,NA,NA,NA,NA,NA,NA,NA,NA,NA,NA,NA,NA,NA,NA,NA,NA,NA
sprAverageAllYrs_250_100m_2,NA,g_LandCover_Fenoscndia_PHENOLOGY_SAM_TT,NA,NA,NA,NA,NA,NA,NA,NA,NA,NA,NA,NA,NA,NA,NA,NA,NA
sprAverageAllYrs_2500_100m_2,NA,g_LandCover_Fenoscndia_PHENOLOGY_SAM_TT,NA,NA,NA,NA,NA,NA,NA,NA,NA,NA,NA,NA,NA,NA,NA,NA,NA
sprAverageAllYrs_500_100m_2,NA,g_LandCover_Fenoscndia_PHENOLOGY_SAM_TT,NA,NA,NA,NA,NA,NA,NA,NA,NA,NA,NA,NA,NA,NA,NA,NA,NA
sprAverageAllYrs_5000_100m_2,NA,g_LandCover_Fenoscndia_PHENOLOGY_SAM_TT,NA,NA,NA,NA,NA,NA,NA,NA,NA,NA,NA,NA,NA,NA,NA,NA,NA
trails_high_100,NA,p_RenRein_trails2,NA,NA,NA,NA,NA,NA,NA,NA,NA,NA,NA,NA,NA,NA,NA,NA,NA
trails_high_1000,NA,p_RenRein_trails2,NA,NA,NA,NA,NA,NA,NA,NA,NA,NA,NA,NA,NA,NA,NA,NA,NA
trails_high_10000,NA,p_RenRein_trails2,NA,NA,NA,NA,NA,NA,NA,NA,NA,NA,NA,NA,NA,NA,NA,NA,NA
trails_high_250,NA,p_RenRein_trails2,NA,NA,NA,NA,NA,NA,NA,NA,NA,NA,NA,NA,NA,NA,NA,NA,NA
trails_high_2500,NA,p_RenRein_trails2,NA,NA,NA,NA,NA,NA,NA,NA,NA,NA,NA,NA,NA,NA,NA,NA,NA
trails_high_500,NA,p_RenRein_trails2,NA,NA,NA,NA,NA,NA,NA,NA,NA,NA,NA,NA,NA,NA,NA,NA,NA
trails_high_5000,NA,p_RenRein_trails2,NA,NA,NA,NA,NA,NA,NA,NA,NA,NA,NA,NA,NA,NA,NA,NA,NA
trails_low_100,NA,p_RenRein_trails2,NA,NA,NA,NA,NA,NA,NA,NA,NA,NA,NA,NA,NA,NA,NA,NA,NA
trails_low_1000,NA,p_RenRein_trails2,NA,NA,NA,NA,NA,NA,NA,NA,NA,NA,NA,NA,NA,NA,NA,NA,NA
trails_low_10000,NA,p_RenRein_trails2,NA,NA,NA,NA,NA,NA,NA,NA,NA,NA,NA,NA,NA,NA,NA,NA,NA
trails_low_250,NA,p_RenRein_trails2,NA,NA,NA,NA,NA,NA,NA,NA,NA,NA,NA,NA,NA,NA,NA,NA,NA
trails_low_2500,NA,p_RenRein_trails2,NA,NA,NA,NA,NA,NA,NA,NA,NA,NA,NA,NA,NA,NA,NA,NA,NA
trails_low_500,NA,p_RenRein_trails2,NA,NA,NA,NA,NA,NA,NA,NA,NA,NA,NA,NA,NA,NA,NA,NA,NA
trails_low_5000,NA,p_RenRein_trails2,NA,NA,NA,NA,NA,NA,NA,NA,NA,NA,NA,NA,NA,NA,NA,NA,NA
